;time;amplitude
0;0.004488499998842599;2412
1;0.009347599998363876;2412
2;0.013181999998778338;2412
3;0.016973399999187677;2411
4;0.021510599999601254;2411
5;0.026506399999561836;2411
6;0.03012019999914628;2410
7;0.033980000000156;2409
8;0.03848619999916991;2409
9;0.04197569999996631;2408
10;0.0475189999997383;2408
11;0.05093969999870751;2407
12;0.05550549999861687;2407
13;0.05894809999881545;2406
14;0.06388809999953082;2406
15;0.06795759999840811;2406
16;0.07249830000000657;2406
17;0.07633959999839135;2405
18;0.0797668999985035;2405
19;0.08262099999956263;2405
20;0.08621759999914502;2404
21;0.0902085999987321;2404
22;0.09418419999929029;2404
23;0.09821659999943222;2403
24;0.10225699999864446;2403
25;0.10619529999894439;2402
26;0.1106075999996392;2403
27;0.1141641999984131;2403
28;0.11763969999992696;2403
29;0.12093749999985448;2402
30;0.12496069999906467;2402
31;0.1290515000000596;2402
32;0.13279220000003988;2402
33;0.13590229999863368;2402
34;0.13892919999852893;2402
35;0.14194879999922705;2402
36;0.14497929999924963;2401
37;0.1489942999996856;2401
38;0.15318489999845042;2401
39;0.15713399999913236;2401
40;0.16121489999932237;2401
41;0.16499539999858825;2401
42;0.16870299999936833;2401
43;0.17318499999964843;2401
44;0.17718949999834877;2402
45;0.18096409999998286;2401
46;0.18578600000000733;2401
47;0.190290599999571;2401
48;0.1941793999994843;2402
49;0.19818329999907291;2402
50;0.20219929999984743;2402
51;0.20611529999951017;2402
52;0.2102113000000827;2402
53;0.2143170999988797;2402
54;0.2181358999987424;2402
55;0.22213639999972656;2402
56;0.22601169999870763;2403
57;0.2299390999996831;2403
58;0.2336751999991975;2403
59;0.23696779999954742;2404
60;0.24122050000005402;2404
61;0.24500349999834725;2404
62;0.24808219999977155;2404
63;0.2522523999996338;2405
64;0.25620530000014696;2405
65;0.2601991999999882;2405
66;0.26420859999961976;2405
67;0.26801309999973455;2405
68;0.27217190000010305;2405
69;0.2761269999991782;2405
70;0.28016089999982796;2406
71;0.2836781999994855;2406
72;0.28819819999989704;2406
73;0.2922036999989359;2406
74;0.29611409999961325;2407
75;0.29977709999911895;2408
76;0.30418399999871326;2409
77;0.308169199999611;2409
78;0.312186399998609;2409
79;0.31616789999861794;2410
80;0.32020939999893017;2410
81;0.32397189999937837;2411
82;0.32818549999865354;2411
83;0.3321935999993002;2412
84;0.3361553999984608;2412
85;0.3397759999988921;2413
86;0.3431096999993315;2413
87;0.34716579999985697;2414
88;0.3509697999998025;2415
89;0.3552159999999276;2416
90;0.35910119999971357;2417
91;0.36320229999910225;2418
92;0.3667820999999094;2418
93;0.37020709999887913;2418
94;0.3736619999999675;2418
95;0.3766727999991417;2419
96;0.38025089999973716;2419
97;0.3836647999996785;2420
98;0.38705019999906654;2420
99;0.38996789999873727;2420
100;0.39268859999901906;2421
101;0.3959715999990294;2421
102;0.39979679999851214;2422
103;0.40298839999923075;2422
104;0.4066428999994969;2423
105;0.4095636999991257;2423
106;0.4130015999999159;2424
107;0.4167366999990918;2424
108;0.4200550999994448;2424
109;0.424029599998903;2425
110;0.42697319999933825;2426
111;0.4310611999990215;2426
112;0.4350200999997469;2427
113;0.43899379999857047;2428
114;0.4429586999995081;2428
115;0.44699909999872034;2429
116;0.4509247999994841;2430
117;0.4550528999989183;2430
118;0.45899219999955676;2431
119;0.46309219999966444;2432
120;0.4667448999989574;2432
121;0.4699672999995528;2433
122;0.47403750000012224;2433
123;0.47809789999882923;2434
124;0.48203990000001795;2434
125;0.48605509999833885;2435
126;0.4900776999984373;2435
127;0.4941068999996787;2436
128;0.49771249999866995;2436
129;0.5007241999992402;2436
130;0.5039830999994592;2437
131;0.5081395999986853;2437
132;0.5122593999985838;2438
133;0.5160353999999643;2438
134;0.520172199998342;2438
135;0.5241665999983525;2439
136;0.5283454000000347;2440
137;0.5316848999991635;2440
138;0.5352827999995498;2441
139;0.5392179999998916;2441
140;0.5432547000000341;2441
141;0.5472226999991108;2442
142;0.5521774999997433;2443
143;0.5561370999985229;2443
144;0.5599454999992304;2444
145;0.5641900999999052;2444
146;0.5681627999983903;2444
147;0.5721453999994992;2445
148;0.5758310000001075;2445
149;0.5802841999993689;2445
150;0.5836820999993506;2446
151;0.5882094999997207;2446
152;0.5917822999999771;2446
153;0.5962934999988647;2446
154;0.5997050999994826;2447
155;0.6029689999995753;2447
156;0.607033299998875;2447
157;0.6106937999993534;2447
158;0.613567399999738;2448
159;0.6165259999997943;2448
160;0.6195094999984576;2448
161;0.6224911999997857;2448
162;0.6254874999995081;2449
163;0.6284574000001157;2449
164;0.6314337999992858;2449
165;0.6334753999999521;2449
166;0.6367656999991596;2449
167;0.6395333999989816;2450
168;0.6430332999989332;2450
169;0.6470908999999665;2450
170;0.6507290999998077;2450
171;0.6540416999996523;2450
172;0.6570296999998391;2450
173;0.6599955000001501;2450
174;0.6628135999999358;2450
175;0.66582439999911;2450
176;0.6686227999998664;2450
177;0.6715891999992891;2450
178;0.6748897999987093;2450
179;0.6778722999988531;2450
180;0.6808259999997972;2450
181;0.6839455999997881;2450
182;0.6868306999986089;2450
183;0.6898034999994707;2450
184;0.692798899999616;2450
185;0.6958420999999362;2450
186;0.6988946000001306;2449
187;0.7017791999987821;2449
188;0.7047754999985045;2449
189;0.7077820999984397;2449
190;0.7107477999998082;2449
191;0.7137954999998328;2449
192;0.7166815000000497;2448
193;0.7198135999988153;2448
194;0.7227987999995094;2448
195;0.725805499998387;2449
196;0.7287803999988682;2448
197;0.731480599999486;2448
198;0.7337892999985343;2448
199;0.7365935999987414;2448
200;0.7385500999989745;2448
201;0.7405103999990388;2447
202;0.7425106999999116;2447
203;0.7455315999995946;2447
204;0.7475465999996231;2447
205;0.7493913999987853;2447
206;0.751550999999381;2447
207;0.7534986999999091;2447
208;0.7554251999990811;2447
209;0.7585393999997905;2447
210;0.7604484999992565;2447
211;0.7635482999994565;2446
212;0.7665347999991354;2446
213;0.7684355000001233;2446
214;0.7715458999991824;2446
215;0.7745307999994111;2446
216;0.7764417999987927;2445
217;0.7795372999989922;2445
218;0.7823935999986134;2444
219;0.7844783999989886;2444
220;0.7875336999986757;2444
221;0.7905366999984835;2444
222;0.7925140999996074;2443
223;0.7955474999998842;2443
224;0.7985584999987623;2443
225;0.8005422999995062;2443
226;0.8024694999985513;2443
227;0.8055330999995931;2442
228;0.8075304999983928;2442
229;0.810542399998667;2442
230;0.8124505999985558;2442
231;0.8144312999993417;2442
232;0.8175412000000506;2442
233;0.8206422999992355;2441
234;0.8235498999983974;2441
235;0.8271554999992077;2440
236;0.8311159999993833;2440
237;0.8351865999993606;2439
238;0.8390693000001193;2439
239;0.8430841999997938;2438
240;0.8457580999984202;2438
241;0.8488127999989956;2438
242;0.8517830000000686;2438
243;0.8547656999999163;2437
244;0.8574747999991814;2437
245;0.8608206999997492;2437
246;0.8637968999992154;2437
247;0.8668097999998281;2436
248;0.8698026999991271;2436
249;0.8727803999991011;2435
250;0.8757807999991201;2435
251;0.8788132999998197;2434
252;0.8817794999995385;2433
253;0.8847731999994721;2433
254;0.8877558999993198;2432
255;0.8904652999990503;2432
256;0.8934885999988182;2432
257;0.8967579000000114;2431
258;0.8994537999988097;2431
259;0.9027603999984422;2431
260;0.9057723999994778;2430
261;0.9086376999985077;2430
262;0.9117602999995142;2430
263;0.9147684999988996;2429
264;0.9176434000000881;2429
265;0.9205826999987039;2428
266;0.9235715999984677;2428
267;0.9266143999993801;2428
268;0.9295745999988867;2427
269;0.9324587999999494;2426
270;0.935752199999115;2426
271;0.9387209999986226;2425
272;0.9417297999989387;2425
273;0.9447217999986606;2424
274;0.9477398999988509;2423
275;0.9504530999984127;2423
276;0.9537339999988035;2422
277;0.956724599998779;2421
278;0.9596997999997257;2421
279;0.9627287999992404;2421
280;0.9655843000000459;2420
281;0.9687828999994963;2420
282;0.9717733999987104;2419
283;0.9747824999994918;2418
284;0.9777820999988762;2418
285;0.9807887999995728;2417
286;0.9837745999993786;2417
287;0.9867991999999504;2416
288;0.9897748999992473;2416
289;0.992772599998716;2416
290;0.9957822999986092;2415
291;0.9987891999990097;2415
292;1.001780399999916;2414
293;1.0047976999994717;2414
294;1.0077911999997013;2414
295;1.0107730999989144;2413
296;1.0138012999996135;2413
297;1.0167941999989125;2413
298;1.0197576999999;2413
299;1.0227836999983992;2413
300;1.0257838999987143;2413
301;1.0286341999999422;2413
302;1.0317838999999367;2413
303;1.0347775999998703;2412
304;1.0377977999996801;2412
305;1.0407832999990205;2412
306;1.0437449000000925;2412
307;1.0468041999993147;2411
308;1.0495187999986229;2411
309;1.052777499999138;2411
310;1.0557887999984814;2410
311;1.0586421999996674;2409
312;1.062641699998494;2409
313;1.065612999998848;2409
314;1.0687778999999864;2408
315;1.0717864999987796;2408
316;1.0747920999983762;2407
317;1.0777808999991976;2407
318;1.0807896999995137;2407
319;1.0837858999984746;2406
320;1.0867861999995512;2406
321;1.089777299999696;2405
322;1.0927885999990394;2405
323;1.095780300000115;2405
324;1.0988003999991633;2404
325;1.1017549999996845;2404
326;1.104780199999368;2404
327;1.1077986999989662;2403
328;1.110794199999873;2403
329;1.1138012999999773;2403
330;1.1167790999988938;2402
331;1.1197877999984485;2402
332;1.1225404999986495;2402
333;1.1257760999997117;2402
334;1.1287993999994796;2402
335;1.1318068000000494;2402
336;1.1347783999990497;2402
337;1.137822699998651;2402
338;1.1407889999991312;2401
339;1.1437849999983882;2401
340;1.1467884999983653;2401
341;1.149461799999699;2402
342;1.1527921999986575;2401
343;1.1557804999993095;2401
344;1.1586398999988887;2401
345;1.1617827999998553;2401
346;1.1647782999989431;2401
347;1.1677912999984983;2401
348;1.1705045999988215;2401
349;1.1737899999989168;2401
350;1.1767904999996972;2401
351;1.1797858999998425;2401
352;1.1825338999988162;2401
353;1.1855361999987508;2401
354;1.1887467999986256;2401
355;1.191764699999112;2401
356;1.1947571000000607;2401
357;1.1977630000001227;2401
358;1.2006140999983472;2401
359;1.2036778000001505;2401
360;1.2065631999994366;2401
361;1.2095681999999215;2401
362;1.212562299999263;2402
363;1.2154319000001124;2402
364;1.2186839999994845;2402
365;1.2216816000000108;2402
366;1.2247601999988547;2402
367;1.2277689999991708;2402
368;1.230767899998682;2403
369;1.2336216999992757;2403
370;1.236766299998635;2403
371;1.2397657000001345;2404
372;1.2427588999998989;2404
373;1.2457561999999598;2404
374;1.2486314999987371;2404
375;1.251612699999896;2405
376;1.2544877999989694;2405
377;1.257649199998923;2405
378;1.2606512999991537;2405
379;1.2636495999995532;2405
380;1.2666425999996136;2405
381;1.2696617000001424;2405
382;1.2726592999988497;2405
383;1.275651799998741;2406
384;1.278647799999817;2406
385;1.2816640000000916;2406
386;1.2845085999997536;2406
387;1.2876679999990301;2406
388;1.2906567999998515;2406
389;1.2936778999992384;2406
390;1.2965097999986028;2407
391;1.29948929999955;2407
392;1.3026644000001397;2407
393;1.3056226999997307;2407
394;1.3086509999993723;2408
395;1.3116364999987127;2408
396;1.3146519999991142;2408
397;1.317662499999642;2408
398;1.3206571999999142;2408
399;1.323651599999721;2409
400;1.3266589999984717;2409
401;1.329658799999379;2409
402;1.332451399999627;2410
403;1.3356589999984863;2410
404;1.3386274999993475;2411
405;1.341667899998356;2411
406;1.3446542999990925;2411
407;1.3476581999984774;2412
408;1.3506550999991305;2412
409;1.353656299999784;2413
410;1.3566630999994231;2413
411;1.359478999998828;2414
412;1.3626535999992484;2414
413;1.365492599999925;2415
414;1.3686538999991171;2415
415;1.3716512999999395;2415
416;1.3746553999990283;2416
417;1.3774876999996195;2416
418;1.3807695999985299;2416
419;1.3837667999996484;2416
420;1.3867741999983991;2417
421;1.389767099999517;2417
422;1.392489799998657;2418
423;1.3955071000000316;2418
424;1.3987593999991077;2419
425;1.4014635999992606;2419
426;1.404459899998983;2420
427;1.4074681999991299;2420
428;1.4105065999992803;2421
429;1.4134959999992134;2422
430;1.4166099999983999;2422
431;1.41956989999926;2422
432;1.4225858999998309;2422
433;1.4255826999997225;2422
434;1.428572400000121;2423
435;1.4314120999988518;2423
436;1.4347619999989547;2424
437;1.4377534999985073;2424
438;1.4407629999986966;2425
439;1.443773199998759;2425
440;1.4467785999986518;2425
441;1.4494670999993104;2426
442;1.4528181999994558;2426
443;1.4557919999988371;2427
444;1.458656199998586;2427
445;1.4617881999984093;2428
446;1.464658299999428;2428
447;1.4676741999992373;2428
448;1.470677599998453;2429
449;1.4736764999997831;2429
450;1.4766712000000553;2430
451;1.4796955999991042;2430
452;1.4824617999984184;2431
453;1.4856743000000279;2431
454;1.4886933999987377;2431
455;1.4916829999983747;2432
456;1.4946793999988586;2432
457;1.4975053999987722;2433
458;1.4995021999984601;2433
459;1.5025206999998773;2434
460;1.5055314999990514;2434
461;1.5089744999986578;2435
462;1.5125983999987511;2435
463;1.515528500000073;2436
464;1.5189966999987519;2437
465;1.5230498000000807;2437
466;1.5270686999992904;2438
467;1.5299619999987044;2438
468;1.5326056999983848;2439
469;1.5359221999988222;2439
470;1.5388707999991311;2439
471;1.541871399998854;2440
472;1.5445760999991762;2440
473;1.547946699998647;2440
474;1.5508939999999711;2441
475;1.5538768999995227;2440
476;1.5568798999993305;2441
477;1.5598733999995602;2442
478;1.5628645999986475;2442
479;1.565518899999006;2442
480;1.568725799999811;2443
481;1.5717084999996587;2443
482;1.5745470999991085;2444
483;1.5777094999994006;2444
484;1.5807124999992084;2445
485;1.5836822999990545;2445
486;1.5867057999985263;2445
487;1.589715399999477;2446
488;1.5927077999986068;2446
489;1.5957017999990057;2447
490;1.598683299998811;2447
491;1.6017824999998993;2448
492;1.604788799999369;2448
493;1.6077896999995573;2448
494;1.610786299999745;2449
495;1.6138013999989198;2449
496;1.616816399999152;2449
497;1.619813499999509;2449
498;1.623652199999924;2449
499;1.6268055000000459;2449
500;1.6297863999989204;2450
501;1.6324950999987777;2450
502;1.6358134999991307;2450
503;1.638789499998893;2450
504;1.6416712999998708;2450
505;1.644809699999314;2450
506;1.6478081999994174;2449
507;1.6508101999988867;2450
508;1.6538203000000067;2449
509;1.6568042999988393;2450
510;1.6598170999986905;2450
511;1.6627837999985786;2450
512;1.6655499999997119;2449
513;1.6685738999985915;2449
514;1.6717890999989322;2449
515;1.6748082999984035;2449
516;1.6778051999990566;2449
517;1.6807835999989038;2449
518;1.6837973999990936;2449
519;1.6868266999990738;2449
520;1.6898150999986683;2449
521;1.6927796999989368;2449
522;1.695806799998536;2449
523;1.6987779999999475;2449
524;1.701517599998624;2449
525;1.7047900999987178;2449
526;1.7078195999984018;2449
527;1.7108066999990115;2449
528;1.7138127999987773;2449
529;1.7166325999987748;2448
530;1.7199160999989545;2449
531;1.722874099999899;2449
532;1.7269414999991568;2449
533;1.7296493999983795;2449
534;1.7325819999987289;2449
535;1.7357490999984293;2448
536;1.7390024999986053;2448
537;1.7428901999992377;2448
538;1.7458333999984461;2447
539;1.7488696000000346;2447
540;1.7520534999985102;2447
541;1.7561053999997966;2447
542;1.7588718999995763;2447
543;1.761861899998621;2447
544;1.7648771999993187;2447
545;1.7677598999998736;2447
546;1.770759499999258;2447
547;1.7737483999990218;2446
548;1.7767661999987467;2446
549;1.7797904999988532;2446
550;1.7825346999998146;2446
551;1.7855317999983527;2446
552;1.7885206999999355;2446
553;1.7919542999989062;2446
554;1.7948663999995915;2445
555;1.7990250999991986;2445
556;1.8020096999989619;2444
557;1.8061025999995763;2444
558;1.8101044999984879;2444
559;1.8140718999984529;2444
560;1.8181037999984255;2444
561;1.8220651999999973;2444
562;1.82609709999997;2443
563;1.829969299998993;2442
564;1.8339669999986654;2442
565;1.8368711999992229;2441
566;1.8398535999986052;2441
567;1.8441061999983503;2441
568;1.848088499998994;2440
569;1.8510350999986258;2440
570;1.8551033999992796;2439
571;1.8589691999986826;2438
572;1.862595099999453;2438
573;1.865609200000108;2438
574;1.8690320999994583;2437
575;1.8730943999999;2436
576;1.8766500000001543;2436
577;1.8795226999991428;2436
578;1.8824624999997468;2436
579;1.8854925999985426;2435
580;1.8874899999991612;2435
581;1.8910312999996677;2435
582;1.8935081999989052;2434
583;1.8954806000001554;2434
584;1.8986588999996457;2434
585;1.9016997999988234;2433
586;1.9046941999986302;2433
587;1.9077149999993708;2432
588;1.9108631999988575;2432
589;1.9138664999991306;2431
590;1.9169769000000088;2431
591;1.9207802999990236;2431
592;1.9239646999994875;2430
593;1.9266833999990922;2430
594;1.929677999998603;2429
595;1.9326088999987405;2429
596;1.9358305999994627;2429
597;1.938784099998884;2428
598;1.9418238999987807;2428
599;1.944843299999775;2428
600;1.947834900000089;2427
601;1.9506397999994078;2427
602;1.9535269999996672;2426
603;1.9554914999989705;2426
604;1.9574796999986575;2425
605;1.9594835999996576;2425
606;1.9613168999985646;2425
607;1.9633962999996584;2425
608;1.9653234999987035;2425
609;1.967458399998577;2424
610;1.9694862999986071;2424
611;1.9715613999997004;2424
612;1.9746195999996417;2424
613;1.9766591999996308;2423
614;1.9798031999998784;2423
615;1.9825203000000329;2423
616;1.9857955999996193;2422
617;1.9887820999992982;2422
618;1.991621999999552;2421
619;1.994797599998492;2421
620;1.9977896000000328;2421
621;2.0007743999995;2420
622;2.0037850999997318;2420
623;2.006839300000138;2419
624;2.0098161999994772;2419
625;2.0126667999993515;2418
626;2.0154935999998997;2417
627;2.0187931999989814;2417
628;2.0217986999996356;2416
629;2.0248347999986436;2416
630;2.027497199998834;2416
631;2.0308163999998214;2415
632;2.0338328999987425;2414
633;2.0368054999999003;2414
634;2.039799399999538;2413
635;2.042834199999561;2413
636;2.0458141999988584;2412
637;2.0486993999984406;2412
638;2.051809799999319;2411
639;2.054787299999589;2411
640;2.057781800000157;2410
641;2.0608066999993753;2410
642;2.0637797999988834;2410
643;2.066791599998396;2409
644;2.069797299998754;2408
645;2.072780899999998;2408
646;2.0755233999989287;2408
647;2.078671299999769;2407
648;2.081831299999976;2407
649;2.0848293999988528;2407
650;2.087886299999809;2407
651;2.0905828999984806;2406
652;2.0938170999997965;2406
653;2.0968582999994396;2405
654;2.0996525999998994;2405
655;2.1028181000001496;2405
656;2.1058161000000837;2405
657;2.108653699999195;2404
658;2.1117980999988504;2404
659;2.1147951999992074;2404
660;2.1178211999995256;2404
661;2.1208140999988245;2403
662;2.123848799999905;2403
663;2.126823399999921;2403
664;2.1298163999999815;2403
665;2.132505699999456;2403
666;2.1357893999993394;2403
667;2.1388016999990214;2403
668;2.1418371999989176;2403
669;2.1448137999996106;2403
670;2.1478102000000945;2402
671;2.1508123999992677;2402
672;2.15367359999982;2402
673;2.15678349999871;2402
674;2.1597922000000835;2402
675;2.1627785000000586;2402
676;2.1654745999985607;2402
677;2.1684480999992957;2402
678;2.1707923999983905;2402
679;2.1737740999997186;2402
680;2.176796599998852;2402
681;2.179807200000141;2402
682;2.182447899998806;2402
683;2.1866579999987152;2401
684;2.1897847000000183;2401
685;2.192814099998941;2401
686;2.19580059999862;2401
687;2.198665500000061;2401
688;2.201806699998997;2401
689;2.2048031999984232;2400
690;2.207832599999165;2400
691;2.2108126999992237;2400
692;2.2138058000000456;2400
693;2.216812699998627;2400
694;2.2198113999984344;2400
695;2.222812799998792;2401
696;2.225811199999953;2401
697;2.228811599999972;2401
698;2.2314932999997836;2401
699;2.2336308999983885;2401
700;2.2367629000000306;2401
701;2.2397554999988643;2401
702;2.2427450999985012;2401
703;2.2457582999995793;2401
704;2.24861939999937;2401
705;2.250733599999876;2401
706;2.2536701999997604;2401
707;2.2567768999997497;2401
708;2.2594841999998607;2401
709;2.262806199998522;2402
710;2.2654167999990023;2402
711;2.268662200000108;2402
712;2.271683799999664;2403
713;2.2746538999999757;2403
714;2.2775911999997334;2403
715;2.2806836999989173;2404
716;2.283825099999376;2404
717;2.2868273999993107;2405
718;2.2898191999993287;2405
719;2.292825799999264;2406
720;2.2958165999989433;2405
721;2.2985543999984657;2405
722;2.3019707999992534;2406
723;2.306105399999069;2406
724;2.3101094999983616;2406
725;2.3143587999984447;2407
726;2.3180980999986787;2408
727;2.3223955999983446;2408
728;2.327314699999988;2409
729;2.3320346000000427;2409
730;2.336292699999831;2409
731;2.340058099998714;2410
732;2.3443181999991793;2410
733;2.3482992999997805;2411
734;2.352301199998692;2411
735;2.356340700000146;2412
736;2.360065699998813;2412
737;2.3627839000000677;2412
738;2.365713599998344;2412
739;2.3688064999987546;2412
740;2.371932199999719;2412
741;2.3749196999997366;2413
742;2.3787364999989222;2413
743;2.3819077999996807;2414
744;2.384934699999576;2414
745;2.387920999999551;2414
746;2.390924699999232;2414
747;2.3937145999989298;2415
748;2.3966886999987764;2415
749;2.399768799999947;2415
750;2.4032309999984136;2415
751;2.407244799998807;2416
752;2.4112875999999233;2417
753;2.415329399998882;2417
754;2.4192212999987532;2418
755;2.4232323999985965;2419
756;2.4270027999991726;2419
757;2.430885899999339;2420
758;2.433802599998671;2420
759;2.438112199999523;2421
760;2.442151199998989;2422
761;2.4460831999986112;2422
762;2.4497262999993836;2423
763;2.4541973999985203;2424
764;2.4583175999996456;2424
765;2.4622538999992685;2425
766;2.465778499999942;2426
767;2.4690393999990192;2426
768;2.4719252999984747;2427
769;2.474797299999409;2427
770;2.477936100000079;2427
771;2.4809059999988676;2427
772;2.4839420999996946;2428
773;2.4869217999985267;2429
774;2.489928399998462;2429
775;2.4929333999989467;2429
776;2.495923299999049;2429
777;2.498708199998873;2429
778;2.501798899998903;2430
779;2.504946699998982;2430
780;2.5079430999994656;2431
781;2.510932299999695;2431
782;2.5137031999984174;2431
783;2.5167873999998847;2432
784;2.5199204000000464;2432
785;2.52394109999841;2433
786;2.5269435999998677;2433
787;2.5307216000001063;2434
788;2.5338200999995024;2434
789;2.5382712999999058;2434
790;2.5419593999995413;2435
791;2.5457809999988967;2436
792;2.5489650999988953;2436
793;2.553353799999968;2437
794;2.557269399998404;2438
795;2.5612910999989253;2439
796;2.5653206999995746;2439
797;2.5692732999996224;2440
798;2.573246099998869;2440
799;2.5772689999994327;2441
800;2.5812790999989375;2442
801;2.585302800000136;2442
802;2.589290699999765;2443
803;2.593301499999143;2443
804;2.597328699999707;2444
805;2.6013170999995054;2444
806;2.605335099999138;2445
807;2.609321899999486;2445
808;2.613321199998609;2445
809;2.6168312999998307;2446
810;2.621308699999645;2446
811;2.625226499998462;2446
812;2.628864499998599;2447
813;2.632743499998469;2446
814;2.6362660999984655;2447
815;2.6408218999986275;2447
816;2.6453340999996726;2447
817;2.648990899999262;2448
818;2.6532508000000234;2448
819;2.6572598999991897;2448
820;2.6612021999990247;2449
821;2.66502330000003;2449
822;2.6680434999998397;2449
823;2.6710960999989766;2449
824;2.6748684999984107;2449
825;2.6778199000000313;2450
826;2.682011099999727;2450
827;2.684807899999214;2450
828;2.6889452999985224;2450
829;2.691949599999134;2450
830;2.694949099999576;2450
831;2.69868359999964;2450
832;2.7016671000001224;2450
833;2.705181799999991;2450
834;2.708951499998875;2450
835;2.711948599999232;2450
836;2.715732900000148;2450
837;2.718801299999541;2450
838;2.7219734999998764;2450
839;2.7249445999987074;2450
840;2.727943099998811;2450
841;2.730930299998363;2450
842;2.733766299999843;2449
843;2.7379158999992796;2449
844;2.7407868999998755;2449
845;2.7449234999985492;2449
846;2.747665599999891;2449
847;2.7508011999998416;2449
848;2.7549208999989787;2449
849;2.757810099999915;2448
850;2.7609374999992724;2448
851;2.763902799999414;2448
852;2.7667891000000964;2448
853;2.7699717999985296;2448
854;2.7743130999988352;2449
855;2.778263299998798;2448
856;2.7822851999990235;2448
857;2.7857402999998158;2448
858;2.790261599999212;2448
859;2.7943058000000747;2448
860;2.798400699999547;2448
861;2.802239599999666;2447
862;2.806232099999761;2447
863;2.810018399999535;2446
864;2.8127487000001565;2446
865;2.816792199999327;2446
866;2.8200317999999243;2446
867;2.8230758999998216;2446
868;2.8271624999997584;2445
869;2.8309310999993613;2445
870;2.8339910999984568;2444
871;2.837952399999267;2444
872;2.840945999998439;2443
873;2.8439432999985;2443
874;2.846941899999365;2442
875;2.849773699999787;2442
876;2.8529454999988957;2442
877;2.855953499998577;2441
878;2.85897549999936;2441
879;2.8629418999989866;2441
880;2.8667289999993955;2440
881;2.8699717999988934;2439
882;2.8739506999991136;2439
883;2.876944999999978;2439
884;2.8796658999999636;2438
885;2.882742599998892;2438
886;2.8869524000001547;2438
887;2.8899613999983558;2437
888;2.8939479000000574;2436
889;2.896715899998526;2436
890;2.899688599998626;2436
891;2.902746899999329;2436
892;2.9059507999991183;2435
893;2.908953799998926;2435
894;2.9119535999998334;2435
895;2.9149084000000585;2434
896;2.917800899998838;2434
897;2.9213060999991285;2433
898;2.9251727999999275;2432
899;2.9293043999987276;2431
900;2.932752899998377;2431
901;2.9358135999991646;2430
902;2.9391546999995626;2430
903;2.943145999999615;2430
904;2.9471881999998004;2429
905;2.9497725000001083;2429
906;2.953229699998701;2428
907;2.957280799999353;2427
908;2.9612965999986045;2427
909;2.9656121999996685;2426
910;2.969229999998788;2426
911;2.973195799999303;2425
912;2.9773570999986987;2424
913;2.9813281999995525;2424
914;2.9852501999994274;2423
915;2.9892308999988018;2423
916;2.993319999999585;2422
917;2.997199899999032;2422
918;3.001338999998552;2421
919;3.0053295999987313;2421
920;3.00906489999943;2420
921;3.0128637999987404;2420
922;3.0157469999994646;2419
923;3.0203142999998818;2419
924;3.0243133999993006;2418
925;3.0282685999991372;2418
926;3.0322190999995655;2417
927;3.036233299999367;2416
928;3.040277199999764;2415
929;3.0440267999983917;2414
930;3.0483280999997078;2414
931;3.052249099999244;2413
932;3.055874899999253;2413
933;3.0592790999999124;2413
934;3.0633139999990817;2412
935;3.067061299998386;2411
936;3.0698449999999866;2411
937;3.0743437000000995;2410
938;3.077848199998698;2410
939;3.080885199999102;2410
940;3.0840681999998196;2409
941;3.088316699999268;2409
942;3.0917984999996406;2408
943;3.094767699998556;2408
944;3.098716599999534;2408
945;3.101798499999859;2407
946;3.1049331999984133;2408
947;3.107790299998669;2407
948;3.110932399999001;2407
949;3.1137992999993003;2407
950;3.1169468999996752;2407
951;3.1199385999989317;2406
952;3.122767999999269;2406
953;3.1269294999983686;2406
954;3.129923599999529;2406
955;3.1327406000000337;2405
956;3.1359333000000333;2405
957;3.1389301999988675;2405
958;3.1419519999999466;2405
959;3.1459232999986853;2405
960;3.148679699999775;2404
961;3.151939299999867;2404
962;3.1549399999985326;2403
963;3.157841299998836;2403
964;3.1608419999993203;2403
965;3.163850099999763;2403
966;3.166931799998565;2403
967;3.169681399998808;2402
968;3.17293459999928;2402
969;3.175797399999283;2402
970;3.1789435999999114;2402
971;3.1817046999985905;2401
972;3.1848716999993485;2401
973;3.1879320999996708;2401
974;3.1907940999990387;2401
975;3.1939286999986507;2401
976;3.196778199999244;2401
977;3.1997910999998567;2401
978;3.2028042999991158;2401
979;3.2069329999994807;2402
980;3.2097986999997374;2402
981;3.213937900000019;2402
982;3.2167787999987922;2401
983;3.220937399999457;2401
984;3.2237854999984847;2401
985;3.2279287000001204;2401
986;3.230797700000039;2401
987;3.2339409999985946;2401
988;3.236926699999458;2401
989;3.2399390999999014;2401
990;3.242781599999944;2401
991;3.246934999999212;2402
992;3.2499509999997827;2401
993;3.2529350999993767;2401
994;3.2557837999993353;2402
995;3.259932899998603;2402
996;3.2627974999995786;2402
997;3.26694309999948;2402
998;3.269807699998637;2402
999;3.2739287999993394;2402
1000;3.276802799999132;2402
1001;3.28093489999992;2402
1002;3.283944499999052;2403
1003;3.2868081999986316;2403
1004;3.289928799998961;2403
1005;3.292787499998667;2403
1006;3.2955466999992495;2403
1007;3.2988018999985798;2403
1008;3.3019073999985267;2404
1009;3.304908099999011;2404
1010;3.30787059999966;2404
1011;3.3108899999988353;2405
1012;3.313788299999942;2405
1013;3.316714699998556;2405
1014;3.3198197999990953;2405
1015;3.3227988999988156;2406
1016;3.3259047999999893;2406
1017;3.3288073999992775;2406
1018;3.3326293999998597;2406
1019;3.335790699999052;2407
1020;3.3387762999991537;2407
1021;3.3418834999993123;2407
1022;3.3448035000001255;2407
1023;3.347790299998451;2408
1024;3.35094079999908;2408
1025;3.353788899999927;2408
1026;3.358001799999329;2408
1027;3.3610285999984626;2408
1028;3.3650373999989824;2409
1029;3.3690938999989157;2409
1030;3.3717969999997877;2410
1031;3.376024999999572;2410
1032;3.3800312999992457;2411
1033;3.382677199999307;2411
1034;3.385868199999095;2412
1035;3.3887661999997363;2412
1036;3.392258399999264;2413
1037;3.396479899998667;2413
1038;3.3998852999993687;2413
1039;3.4027568999990763;2414
1040;3.4063370999992912;2415
1041;3.410442599999442;2416
1042;3.4143296999991435;2417
1043;3.417781299998751;2417
1044;3.421078599998509;2417
1045;3.4241047999985312;2418
1046;3.4283029999987775;2418
1047;3.432032499998968;2419
1048;3.43614290000005;2420
1049;3.4400654999990365;2420
1050;3.444173599998976;2420
1051;3.448171899999579;2421
1052;3.452355499999612;2421
1053;3.456263099998978;2422
1054;3.460356799998408;2423
1055;3.464422699998977;2423
1056;3.468420299999707;2423
1057;3.4723816999994597;2424
1058;3.4764219999997295;2425
1059;3.480389299998933;2425
1060;3.484412699999666;2425
1061;3.4894266999999672;2426
1062;3.4930626999994274;2426
1063;3.497096600000077;2427
1064;3.501396099998601;2427
1065;3.505218700000114;2428
1066;3.5094177999999374;2428
1067;3.5128049999984796;2429
1068;3.5157751999995526;2430
1069;3.520421199998964;2431
1070;3.5242930999993405;2432
1071;3.528425900000002;2432
1072;3.531714299999294;2432
1073;3.5352589999984048;2433
1074;3.5393084999996063;2434
1075;3.5432554999988497;2434
1076;3.5467963999999483;2435
1077;3.550075299999662;2435
1078;3.554436099999293;2436
1079;3.558385799999087;2437
1080;3.5624240999986796;2437
1081;3.565889599998627;2438
1082;3.5703779999985272;2438
1083;3.5743379999985336;2439
1084;3.578437899999699;2439
1085;3.5820342999995773;2440
1086;3.5864618999985396;2440
1087;3.590396599998712;2441
1088;3.594411999998556;2441
1089;3.5984129999997094;2441
1090;3.6024184999987483;2442
1091;3.606482799999867;2443
1092;3.6113753999998153;2443
1093;3.6154053999998723;2444
1094;3.619264999999359;2444
1095;3.6227945999999065;2445
1096;3.626285700000153;2445
1097;3.6304067999990366;2446
1098;3.6344171000000642;2446
1099;3.6381846999993286;2447
1100;3.6423657999985153;2447
1101;3.646277399999235;2447
1102;3.649864899998647;2448
1103;3.6533215999988897;2448
1104;3.6572664999985136;2448
1105;3.6613122999988263;2449
1106;3.665430099999867;2449
1107;3.6693969999996625;2449
1108;3.673322399999961;2450
1109;3.6773969999994733;2450
1110;3.68143659999987;2449
1111;3.6851823999986664;2450
1112;3.6893614000000525;2449
1113;3.693313499999931;2449
1114;3.697419299998728;2450
1115;3.7008750999993936;2450
1116;3.705469799999264;2450
1117;3.7093956999997317;2450
1118;3.7134198999992805;2450
1119;3.716925999999148;2449
1120;3.7201623000000836;2450
1121;3.7243599999983417;2450
1122;3.7283530999993673;2449
1123;3.731999799998448;2449
1124;3.7350350999986404;2449
1125;3.739287399999739;2449
1126;3.7432995999988634;2450
1127;3.747296899999128;2449
1128;3.7512702999993053;2449
1129;3.7553023000000394;2450
1130;3.7593582999998034;2450
1131;3.763351599998714;2450
1132;3.767179499998747;2450
1133;3.7712763999988965;2449
1134;3.775298599999587;2449
1135;3.779321699999855;2449
1136;3.782915399999183;2449
1137;3.7861491999992722;2448
1138;3.7904258999988087;2448
1139;3.794413899999199;2448
1140;3.798373300000094;2448
1141;3.802263199999288;2448
1142;3.8062964000000648;2448
1143;3.810320900000079;2448
1144;3.814405099999931;2448
1145;3.8183419999986654;2448
1146;3.822335499999099;2448
1147;3.8263193999991927;2447
1148;3.8297816999984207;2447
1149;3.832894999999553;2446
1150;3.8371219000000565;2446
1151;3.8410469999998895;2446
1152;3.8438468999993347;2446
1153;3.847268299999996;2445
1154;3.8512397999984387;2445
1155;3.8551524999984395;2445
1156;3.858993999998347;2444
1157;3.8629740999986097;2444
1158;3.866951899999549;2444
1159;3.8703918999999587;2443
1160;3.8744151999999303;2443
1161;3.8793429999986984;2442
1162;3.882923299999675;2441
1163;3.887450099999114;2441
1164;3.891375399998651;2440
1165;3.895424999998795;2440
1166;3.898877099998572;2439
1167;3.9018048999987514;2438
1168;3.9051475999985996;2438
1169;3.909209199999168;2438
1170;3.9131618999999773;2437
1171;3.916866300000038;2437
1172;3.9200129999990168;2436
1173;3.9229381999994075;2436
1174;3.926036799999565;2436
1175;3.930025300000125;2435
1176;3.932709099999556;2435
1177;3.9360297999992326;2434
1178;3.939030899999125;2434
1179;3.942031999999017;2433
1180;3.9450306999988243;2433
1181;3.9478448999998363;2432
1182;3.9509854999996605;2432
1183;3.9539036999995005;2431
1184;3.9571199999991222;2431
1185;3.961205899999186;2431
1186;3.96517379999932;2430
1187;3.969379199999821;2429
1188;3.9733585999983916;2429
1189;3.9773830999984057;2428
1190;3.9814940999985993;2427
1191;3.9848957999984123;2427
1192;3.989389200000005;2426
1193;3.993370499998491;2426
1194;3.997442599998976;2425
1195;4.001352199999019;2424
1196;4.005249099998764;2424
1197;4.009296299998823;2423
1198;4.013393199998973;2422
1199;4.017158599999675;2422
1200;4.021424799999295;2421
1201;4.026422499999171;2420
1202;4.031451699998797;2420
1203;4.0353473999985;2419
1204;4.039353000000119;2418
1205;4.043387399999119;2418
1206;4.047426499999347;2417
1207;4.0514210000001185;2417
1208;4.055405699999028;2416
1209;4.059421799998745;2416
1210;4.0644543999987945;2416
1211;4.068424699999014;2415
1212;4.072406899998896;2415
1213;4.0762710999988485;2415
1214;4.080437599999641;2415
1215;4.08443299999999;2414
1216;4.088392699999531;2413
1217;4.091869599998972;2412
1218;4.095389799998884;2412
1219;4.09899089999999;2412
1220;4.103427899999588;2411
1221;4.107394799999383;2411
1222;4.11136599999918;2410
1223;4.115243700000065;2410
1224;4.119340199998987;2409
1225;4.12307299999884;2409
1226;4.12738459999855;2408
1227;4.131354199998896;2408
1228;4.135378299999502;2407
1229;4.138972999999169;2407
1230;4.143404999998893;2406
1231;4.1474251999989065;2406
1232;4.151422599999933;2405
1233;4.155253099999754;2404
1234;4.159403099998599;2404
1235;4.163406799998484;2404
1236;4.167400899999848;2404
1237;4.170904099999461;2403
1238;4.17424469999969;2403
1239;4.178406999999424;2403
1240;4.182886499998858;2403
1241;4.186891699999251;2403
1242;4.19142969999848;2402
1243;4.195381399998951;2402
1244;4.198897799999031;2401
1245;4.2034192999999505;2401
1246;4.207416599998396;2401
1247;4.211430699999255;2401
1248;4.215245299999879;2401
1249;4.219440299999405;2401
1250;4.223392699999749;2400
1251;4.22741109999879;2400
1252;4.231449699998848;2400
1253;4.235366399998384;2400
1254;4.239341099999365;2400
1255;4.243395499999679;2400
1256;4.247376299999814;2401
1257;4.251439099998606;2400
1258;4.255396799999289;2400
1259;4.25927319999937;2400
1260;4.263452099999995;2400
1261;4.266927999999098;2401
1262;4.271381599999586;2401
1263;4.2753032999989955;2402
1264;4.279164499999752;2402
1265;4.282920599998761;2402
1266;4.28745699999854;2402
1267;4.291407499998968;2402
1268;4.295368799999778;2403
1269;4.2989981999999145;2403
1270;4.3033840999996755;2404
1271;4.30735629999981;2404
1272;4.311105899998438;2405
1273;4.31599610000012;2405
1274;4.320454199998494;2405
1275;4.324392799999259;2406
1276;4.328406099999484;2406
1277;4.331856999999218;2406
1278;4.3352680999996664;2406
1279;4.33940949999851;2406
1280;4.342882299999474;2406
1281;4.347453899999891;2407
1282;4.351426499999434;2407
1283;4.356423899998845;2407
1284;4.35986899999989;2407
1285;4.363024999998743;2407
1286;4.3668457999992825;2407
1287;4.371364099999482;2407
1288;4.37494499999957;2408
1289;4.377724699999817;2408
1290;4.380857099999048;2408
1291;4.384147299999313;2408
1292;4.387119499999244;2409
1293;4.391135299998496;2409
1294;4.394285399999717;2409
1295;4.398253499999555;2410
1296;4.401870899999267;2411
1297;4.404894599998443;2411
1298;4.408313999998427;2412
1299;4.412106599998879;2413
1300;4.414696899999399;2413
1301;4.417703999999503;2413
1302;4.420819499999197;2414
1303;4.42383399999926;2414
1304;4.426826599999913;2414
1305;4.429838299998664;2415
1306;4.432858999998643;2415
1307;4.435741599998437;2416
1308;4.438794699999562;2416
1309;4.441782799998691;2416
1310;4.44480669999939;2417
1311;4.447781199998644;2417
1312;4.450973099999828;2417
1313;4.4538010999986;2418
1314;4.4567667999999685;2418
1315;4.45994409999912;2419
1316;4.462949899998421;2420
1317;4.465668899998491;2420
1318;4.468969199999265;2421
1319;4.4719458999989;2421
1320;4.474933499999679;2422
1321;4.477937799998472;2422
1322;4.480982199998834;2422
1323;4.483920900000157;2423
1324;4.486907900000006;2423
1325;4.489928599999985;2423
1326;4.492916199998945;2424
1327;4.49593509999977;2424
1328;4.4986716999992495;2424
1329;4.501916100000017;2425
1330;4.504895199999737;2426
1331;4.507920299998659;2426
1332;4.510919299998932;2427
1333;4.513676399999895;2427
1334;4.516921899999943;2428
1335;4.5199201999985235;2428
1336;4.522922699999981;2429
1337;4.525929899999028;2429
1338;4.528705299999274;2429
1339;4.531697200000053;2429
1340;4.534656699999687;2429
1341;4.53756599999906;2430
1342;4.539466799998991;2430
1343;4.541449399999692;2430
1344;4.543453999998746;2431
1345;4.5455554999989545;2431
1346;4.547628099999201;2431
1347;4.549426199999289;2432
1348;4.551471499999025;2432
1349;4.553512299999056;2432
1350;4.555521099999169;2432
1351;4.558574099999532;2432
1352;4.56178539999928;2433
1353;4.564557499999864;2433
1354;4.566663499999777;2434
1355;4.568582099998821;2434
1356;4.570547399998759;2435
1357;4.573550499999328;2435
1358;4.575547699998424;2435
1359;4.577550799998789;2435
1360;4.579608399999415;2435
1361;4.582596099999137;2436
1362;4.584574900000007;2436
1363;4.586577899999611;2436
1364;4.588638499999433;2437
1365;4.59155969999847;2437
1366;4.59370459999991;2437
1367;4.59663289999844;2438
1368;4.599625499999092;2438
1369;4.601624499999161;2439
1370;4.603623699998934;2439
1371;4.605607299999974;2439
1372;4.607640199999878;2440
1373;4.610646399998586;2440
1374;4.612657899999249;2440
1375;4.614529699998457;2441
1376;4.61650120000013;2441
1377;4.618603199998688;2441
1378;4.620575299999473;2441
1379;4.622632599999633;2441
1380;4.624562099999821;2442
1381;4.626613899999938;2442
1382;4.628599799998483;2442
1383;4.630574799999522;2442
1384;4.632666899999094;2442
1385;4.635641099999702;2443
1386;4.638660999999047;2443
1387;4.640570399998978;2443
1388;4.643679099999645;2443
1389;4.646688999999242;2444
1390;4.650099699998464;2444
1391;4.654021299998931;2445
1392;4.656959599999027;2446
1393;4.659903899999335;2446
1394;4.662902399999439;2446
1395;4.665756799999144;2446
1396;4.6689372999990155;2447
1397;4.671856199998729;2447
1398;4.67477289999988;2447
1399;4.677847399998427;2447
1400;4.680857399998786;2448
1401;4.683845499999734;2448
1402;4.6867514999994455;2448
1403;4.689848699999857;2449
1404;4.6928776999993715;2449
1405;4.695859299999938;2450
1406;4.698797899998681;2450
1407;4.701828999999634;2450
1408;4.7048435999986395;2450
1409;4.707701599998472;2451
1410;4.71093799999835;2451
1411;4.71382149999954;2451
1412;4.716791299999386;2451
1413;4.71992069999942;2451
1414;4.722911699998804;2451
1415;4.725866400000086;2451
1416;4.728915399999096;2451
1417;4.731560099999115;2451
1418;4.734917199999472;2451
1419;4.7379259999997885;2451
1420;4.740829399999711;2451
1421;4.743842799998674;2451
1422;4.746913799999675;2451
1423;4.749903099998846;2451
1424;4.75282629999856;2451
1425;4.755925599998591;2451
1426;4.758806199999526;2452
1427;4.761916499999643;2451
1428;4.764688699999169;2451
1429;4.76792419999947;2451
1430;4.770919699998558;2450
1431;4.773912699998618;2450
1432;4.776898000000074;2450
1433;4.779925699998785;2450
1434;4.782924999999523;2450
1435;4.785928799999965;2450
1436;4.788830800000142;2450
1437;4.7919212999986485;2449
1438;4.794708399998854;2449
1439;4.797896399999445;2449
1440;4.800920099998621;2449
1441;4.803925599999275;2449
1442;4.806924299999082;2449
1443;4.809939400000076;2449
1444;4.812922899998739;2448
1445;4.815931499999351;2448
1446;4.818924199998946;2448
1447;4.821923499999684;2448
1448;4.824832799999058;2447
1449;4.82791670000006;2447
1450;4.830896899999061;2447
1451;4.833919499998956;2447
1452;4.836921599999187;2446
1453;4.839827399999194;2446
1454;4.842588799998339;2446
1455;4.845918099999835;2446
1456;4.848657699998512;2446
1457;4.851924399999916;2445
1458;4.854926899999555;2445
1459;4.857574300000124;2445
1460;4.860936499999298;2445
1461;4.863925099998596;2444
1462;4.8668543999992835;2444
1463;4.869916199999352;2444
1464;4.873023299998749;2444
1465;4.875914099999136;2444
1466;4.878916099998605;2443
1467;4.881648900000073;2443
1468;4.884840599999734;2443
1469;4.887917000000016;2442
1470;4.8906974000001355;2442
1471;4.893623899999511;2441
1472;4.896930599999905;2441
1473;4.899673199999597;2441
1474;4.902880699999514;2440
1475;4.905747999999221;2440
1476;4.908793999999034;2440
1477;4.911799599998631;2440
1478;4.914631599998756;2439
1479;4.917770000000019;2438
1480;4.920716499998889;2438
1481;4.9239256999990175;2438
1482;4.926842299999407;2437
1483;4.929704599999241;2437
1484;4.932658099998662;2436
1485;4.935873399999764;2436
1486;4.9389450999988185;2436
1487;4.941949899999599;2435
1488;4.944936399999278;2435
1489;4.947977699999683;2435
1490;4.9508589999986725;2434
1491;4.953777299999274;2434
1492;4.956941599999482;2434
1493;4.959803699999611;2433
1494;4.96306359999835;2433
1495;4.967142899999089;2433
1496;4.971604599999409;2433
1497;4.976666599999589;2432
1498;4.981579199999032;2431
1499;4.986773699998594;2430
1500;4.991668999999092;2430
1501;4.996319999998377;2429
1502;5.0001999999985856;2429
1503;5.0044119999984105;2428
1504;5.008442099999229;2427
1505;5.0118511999990005;2427
1506;5.014758100000108;2426
1507;5.018416799999613;2426
1508;5.02211829999942;2425
1509;5.026088199998412;2424
1510;5.03003919999901;2423
1511;5.033024899999873;2423
1512;5.035916400000133;2423
1513;5.039042399999744;2422
1514;5.042910899999697;2422
1515;5.046047399999225;2422
1516;5.050050299998475;2422
1517;5.054048099998909;2421
1518;5.057967999999164;2421
1519;5.061049699999785;2420
1520;5.064769699998578;2419
1521;5.0679188999984035;2419
1522;5.070919099998719;2418
1523;5.074037399999725;2418
1524;5.0768043999996735;2417
1525;5.0800546999998915;2417
1526;5.083072399998855;2417
1527;5.087045299998863;2416
1528;5.090942899998481;2416
1529;5.094059499999275;2415
1530;5.09806529999878;2414
1531;5.10204899999917;2414
1532;5.105706700000155;2413
1533;5.109044499999072;2412
1534;5.113055899999381;2412
1535;5.117040299999644;2411
1536;5.121096199998647;2410
1537;5.1250487999986944;2409
1538;5.129041700000016;2409
1539;5.13304479999897;2408
1540;5.136679699999149;2408
1541;5.140050500000143;2407
1542;5.1440462999999;2407
1543;5.14806469999894;2406
1544;5.152072099999714;2406
1545;5.1550547999995615;2406
1546;5.159050099999149;2406
1547;5.163072399998782;2405
1548;5.167049699999552;2404
1549;5.169865500000014;2404
1550;5.173044899998786;2404
1551;5.177041699998881;2404
1552;5.181075899999996;2404
1553;5.183827599999859;2403
1554;5.187051399998381;2403
1555;5.190921999999773;2403
1556;5.193905399999494;2402
1557;5.196825999999419;2402
1558;5.19970739999917;2402
1559;5.203055999998469;2402
1560;5.207050499999241;2402
1561;5.211048299999675;2402
1562;5.214828299998771;2401
1563;5.218045899999197;2402
1564;5.222046999999293;2401
1565;5.22604709999905;2401
1566;5.230051699998512;2401
1567;5.233046499999546;2401
1568;5.237045299998499;2401
1569;5.240929399999004;2401
1570;5.244047499998487;2401
1571;5.24804309999854;2400
1572;5.25205189999906;2401
1573;5.256063099999665;2401
1574;5.260007999999289;2401
1575;5.264066199999434;2401
1576;5.266913800000111;2401
1577;5.270042999998623;2401
1578;5.274049899999227;2401
1579;5.277795999998489;2401
1580;5.28106729999854;2401
1581;5.284051900000122;2401
1582;5.288047499998356;2401
1583;5.292042399998536;2402
1584;5.295846799999708;2402
1585;5.298797499999637;2402
1586;5.302066199999899;2402
1587;5.306050899998809;2402
1588;5.309728399999585;2402
1589;5.312906099999964;2402
1590;5.317048399998384;2402
1591;5.321057999999539;2402
1592;5.324779199998375;2402
1593;5.328057799999442;2403
1594;5.331833199999892;2403
1595;5.335047900000063;2403
1596;5.33905809999851;2403
1597;5.3419198999999935;2404
1598;5.3448942999984865;2404
1599;5.348833099998956;2404
1600;5.35305679999874;2405
1601;5.357080499999938;2405
1602;5.361047899999903;2406
1603;5.364781899999798;2405
1604;5.368052099998749;2406
1605;5.371898399998827;2406
1606;5.375059899999542;2407
1607;5.379041599999255;2407
1608;5.383052499999394;2407
1609;5.387060199998814;2408
1610;5.389847599999484;2409
1611;5.393044099999315;2409
1612;5.39704459999848;2410
1613;5.400044199999684;2410
1614;5.403800599999158;2410
1615;5.406815399999687;2411
1616;5.409815799999706;2411
1617;5.413057199999457;2412
1618;5.417065199999342;2412
1619;5.419895899998664;2413
1620;5.422922399999152;2413
1621;5.426395499998762;2413
1622;5.430181599998832;2414
1623;5.434328499999538;2414
1624;5.438166399999318;2415
1625;5.442244500000015;2415
1626;5.44617019999896;2416
1627;5.450174899999183;2416
1628;5.454437099999268;2417
1629;5.458423599999151;2417
1630;5.46225400000003;2418
1631;5.46591989999979;2419
1632;5.469086099999913;2419
1633;5.473433899998781;2419
1634;5.477425799999764;2420
1635;5.480823799998689;2420
1636;5.48415599999862;2420
1637;5.488381799999843;2421
1638;5.492407799998546;2421
1639;5.496301099999982;2422
1640;5.500401799999963;2423
1641;5.50432229999933;2423
1642;5.508203199999116;2424
1643;5.512092399998437;2424
1644;5.514829799998552;2425
1645;5.517673599999398;2425
1646;5.520674800000052;2426
1647;5.5238928999988275;2426
1648;5.527291200000036;2427
1649;5.529645199998413;2427
1650;5.533192299999428;2428
1651;5.53721239999868;2428
1652;5.541216499999791;2428
1653;5.545599499999298;2429
1654;5.54754469999898;2429
1655;5.549605000000156;2430
1656;5.551610900000014;2430
1657;5.5550637999986066;2430
1658;5.558080599999812;2431
1659;5.560673099998894;2431
1660;5.563874499999656;2432
1661;5.566884500000015;2432
1662;5.569830399999773;2432
1663;5.57279969999945;2433
1664;5.575890099999015;2433
1665;5.578868399999919;2434
1666;5.581591999998636;2434
1667;5.584849099999701;2435
1668;5.587859999999637;2436
1669;5.590623899999628;2436
1670;5.59388719999879;2437
1671;5.596881800000119;2437
1672;5.5998762999988685;2437
1673;5.6028678999991826;2438
1674;5.605902299999798;2438
1675;5.6088741999992635;2438
1676;5.611866199998985;2439
1677;5.614668199999869;2439
1678;5.617882399999871;2439
1679;5.620857199999591;2440
1680;5.623808599999393;2440
1681;5.626852499999586;2440
1682;5.629842599999392;2441
1683;5.632844299998396;2442
1684;5.635850499998924;2442
1685;5.638856799998393;2443
1686;5.64183999999841;2443
1687;5.6448432999986835;2443
1688;5.647821599999588;2444
1689;5.650845299998764;2444
1690;5.6538466999991215;2444
1691;5.656857999998465;2444
1692;5.659839899999497;2445
1693;5.662854000000152;2445
1694;5.665849600000001;2446
1695;5.668604699998468;2446
1696;5.671846299999743;2446
1697;5.67485139999917;2446
1698;5.677811599998677;2446
1699;5.680988499998421;2447
1700;5.6839381999998295;2447
1701;5.686956999999893;2447
1702;5.689938399998937;2448
1703;5.6929318999991665;2448
1704;5.6959375999995245;2448
1705;5.698930799999289;2449
1706;5.7019352999996045;2448
1707;5.704798999999184;2449
1708;5.7079337999985;2449
1709;5.710935600000084;2449
1710;5.713942799999131;2449
1711;5.7166635999983555;2449
1712;5.7199169999985315;2449
1713;5.722932199998468;2449
1714;5.725938899999164;2449
1715;5.728914100000111;2449
1716;5.731685599999764;2449
1717;5.7349416999986715;2449
1718;5.7379399000001285;2449
1719;5.740938499999174;2449
1720;5.743934999998601;2449
1721;5.746947099998579;2449
1722;5.749944899998809;2450
1723;5.752934499998446;2450
1724;5.755934400000115;2451
1725;5.758937900000092;2451
1726;5.761929599999348;2451
1727;5.764633599999797;2451
1728;5.767934800000148;2451
1729;5.7709389999999985;2451
1730;5.773932199999763;2451
1731;5.776932799999486;2451
1732;5.779934899999716;2451
1733;5.782932699999947;2451
1734;5.78593919999912;2451
1735;5.788937699999224;2450
1736;5.791925599998649;2450
1737;5.794515399999;2450
1738;5.7977825999987544;2450
1739;5.800940199998877;2451
1740;5.8039270999997825;2450
1741;5.806927799998448;2450
1742;5.809932999998637;2451
1743;5.812928699999247;2450
1744;5.81591059999846;2450
1745;5.818931799998609;2450
1746;5.821928800000023;2450
1747;5.824932199999239;2450
1748;5.8276988999987225;2449
1749;5.830964799999492;2449
1750;5.833910199999082;2448
1751;5.8369314999999915;2448
1752;5.839932499999122;2448
1753;5.843936499999472;2448
1754;5.846932799999195;2448
1755;5.849933999999848;2448
1756;5.852931399998852;2447
1757;5.855934499999421;2447
1758;5.8589466999983415;2447
1759;5.861906699999963;2447
1760;5.864624999998341;2447
1761;5.867913199999748;2447
1762;5.870908999999301;2446
1763;5.873939699999028;2446
1764;5.876928399999088;2446
1765;5.879929299999276;2446
1766;5.88293209999938;2445
1767;5.885945199999696;2445
1768;5.888546799998949;2445
1769;5.890635399999155;2444
1770;5.893665699999474;2444
1771;5.896908799999437;2443
1772;5.89991689999988;2443
1773;5.902899299999262;2442
1774;5.906268999999156;2442
1775;5.909067399999913;2442
1776;5.913151499999003;2441
1777;5.915733199999522;2440
1778;5.918820899998536;2440
1779;5.921788099998594;2440
1780;5.9248168999984046;2439
1781;5.927803599999606;2439
1782;5.930832699999883;2439
1783;5.934204600000157;2439
1784;5.9382310999990295;2438
1785;5.942225199998575;2438
1786;5.94623159999901;2437
1787;5.949709900000016;2437
1788;5.953202799999417;2436
1789;5.957206600000063;2436
1790;5.961256199998388;2435
1791;5.9647383999999875;2435
1792;5.96812079999836;2434
1793;5.971812699999646;2434
1794;5.975118999998813;2433
1795;5.978106599999592;2433
1796;5.980713299999479;2433
1797;5.98417679999875;2433
1798;5.986957399998573;2432
1799;5.989774699999543;2432
1800;5.992808199998763;2431
1801;5.9956225999994786;2431
1802;5.998815399998421;2430
1803;6.0019036999983655;2429
1804;6.004909899998893;2429
